writings,3
schlegel,1
yellow,10
four,19
spiders,2
woody,1
marching,1
looking,29
electricity,1
quadruple,1
firs,3
albumen,1
lord,3
meadows,1
sinking,2
digit,1
oceans,12
pigment,3
turnspit,1
experimentally,2
bringing,6
disturb,1
prize,1
piling,1
succession,34
ornamental,1
specially,19
tired,1
miller,2
millet,1
elegant,2
icebergs,7
sterile,46
errors,1
fingers,4
fossil,38
increasing,21
intellects,1
here,114
herd,1
specialise,1
china,2
maxillae,2
substance,1
unwillingness,1
k,1
climber,1
golden,1
classification,49
explained,49
replace,1
brought,21
remnant,1
opponents,2
missletoes,1
browse,1
impartiality,1
occupying,1
therefore,45
strike,3
fossiliferous,19
until,32
whorls,2
females,35
successful,6
brings,1
whirling,1
hurt,1
glass,1
inwards,1
midst,6
hold,13
chequered,1
murchison,4
fifths,1
girou,1
pursue,2
temperatures,1
example,12
wand,1
household,1
dragons,1
caution,1
british,15
want,6
absolute,7
provincial,1
travel,8
feature,2
how,217
hot,3
canaries,1
dignified,1
retreating,1
uselessness,1
beauty,7
ptarmigan,1
shores,24
destined,1
types,15
calves,1
effective,3
endeavoured,8
keeps,1
wing,25
wind,6
ovule,4
ancon,1
dreamed,1
concurrence,2
vary,55
fir,6
fit,4
auditory,2
survivors,2
matured,1
wales,1
hidden,6
fin,8
easier,2
imbricate,1
effects,44
slaty,3
kerguelen,2
sixteen,2
structural,3
represents,2
clothed,10
preceded,1
snakes,4
series,29
displacement,1
parasites,2
turnip,3
precedes,1
substantially,1
borne,9
recognising,1
excepting,14
gradation,10
re,7
adapt,7
ateuchus,2
subsiding,2
foundation,2
assured,7
strata,24
crustacea,3
faculties,1
crowned,4
estimate,8
universally,18
enormous,26
disturbed,17
flitting,1
wasp,4
reciprocally,3
procreate,2
wash,1
rhododendron,2
service,8
similarly,8
master,3
homologies,3
hypothetical,2
legs,37
genesis,1
hewitt,1
naturalising,1
motionless,2
crawl,3
positively,7
expanding,1
showed,4
tree,38
second,18
idly,1
idle,1
endure,16
feeling,3
experimentised,7
entail,2
pliocene,6
paddles,3
broody,1
dozen,13
farnham,1
summarily,1
eagerly,3
recommended,1
causing,12
absorbed,2
doors,1
shall,92
object,13
diminishing,1
mouth,16
letter,4
retaining,7
drought,2
transverse,2
professor,22
detriment,1
came,11
marvel,8
saying,5
departing,1
insects,91
gauge,1
hungary,1
tempted,5
capes,1
cousins,1
appreciated,1
bush,1
lepidoptera,1
touched,2
rich,5
plate,4
remotest,1
plata,9
altogether,6
nicely,3
eyelids,3
traverse,1
fair,6
rubus,1
radius,2
result,36
fail,8
nocturnal,1
skulls,5
best,69
oceanic,34
lots,1
rings,2
score,10
scorn,1
propagated,10
glasgow,1
preserve,7
claws,1
never,82
extend,12
nature,253
rolled,2
inextricable,4
extent,44
atoms,2
accident,4
experimentalist,1
country,105
pits,2
conclusions,9
himalayan,1
genus,147
adapted,47
asked,19
pre,3
vain,7
blending,6
humming,1
jalappa,2
union,10
subside,1
startled,1
progenitor,56
life,298
eastern,13
confinement,14
chile,2
child,12
worked,10
heusinger,1
adaptations,8
contingencies,11
elaborate,1
picturing,1
remembering,2
moraines,2
played,15
equator,14
eighteen,2
trusted,5
feebler,3
severity,1
things,8
shipwrecked,1
dryness,1
fatal,8
emphatic,1
european,30
voyages,1
tops,1
marched,1
probosciformed,1
tune,1
lucas,2
stupendous,1
disseminated,2
eagle,1
maxima,1
opinions,1
spurred,1
masons,2
antirrhinum,2
somerville,1
rushing,2
succeeding,16
previous,3
ease,5
had,244
advancement,1
collections,5
easy,7
botanists,16
has,611
eocene,6
elevation,9
casually,1
survival,1
possible,62
unequivocally,1
possibly,28
barnacles,1
birth,17
clustered,5
shadow,1
occurring,7
desire,1
misled,1
steps,27
beneficial,4
right,18
old,78
crowd,2
people,5
proportionally,4
intermedia,1
enemies,13
for,1109
bottom,6
fox,2
creative,1
individuals,140
shrivelled,3
germinate,5
oscillating,1
europaeo,1
manufacturing,2
shaken,2
nicotiana,3
anomalous,7
o,4
merionethshire,1
slightly,51
raised,22
statements,10
facility,23
marshall,2
son,1
beings,113
raiser,1
runts,2
sow,1
attrition,1
reducing,2
abjectly,1
suffice,9
constantly,12
nova,1
tame,5
width,6
grasping,3
authorized,1
resulted,1
happy,1
offer,11
forming,11
conclusively,1
hemisphere,12
verde,4
tasmania,1
otter,1
armorial,1
extremity,4
inside,2
lays,6
soldering,1
later,24
proved,21
proves,2
exist,42
signification,6
breeders,16
dotted,6
glacier,1
circumstanced,4
nestling,4
vegetative,3
superfluous,5
roll,1
teats,1
fabre,1
demonstrative,1
transported,22
invested,1
variable,59
stamens,12
time,191
push,4
treatises,10
woodcocks,1
breadth,4
chain,7
whoever,1
crocodile,1
competition,44
oural,1
indolent,1
himalaya,6
circumstances,33
choice,2
fullest,2
exact,7
minute,9
orifice,2
tear,2
augmenting,1
leave,14
solved,3
settle,1
prevent,15
occurrence,7
insignificant,1
sign,3
lengthened,2
gnawed,3
metaphysicians,1
celebrated,3
falling,5
ground,22
unintentionally,5
climbs,2
understanding,9
contemplate,2
yards,5
alone,56
along,22
studied,4
wherever,13
commonly,21
vitiated,1
cygnoides,1
nowhere,6
love,3
melodious,1
radish,1
prefer,2
logical,2
betraying,1
logically,1
undergone,20
working,14
perished,4
positive,1
vigour,11
opposed,12
scope,2
theoretical,3
loving,1
dampness,1
afford,7
subsistence,3
apparent,16
odious,1
marbled,1
ignorant,16
petrel,3
valued,6
originally,19
pretend,11
abortion,6
believes,16
pyrenees,5
harmonious,1
slowness,2
stature,2
believed,10
inarched,1
frogs,4
cautley,1
hides,1
allowed,14
evidently,6
winter,7
divided,13
vainly,2
songsters,1
elephant,6
northwards,2
extensions,1
spot,14
explored,3
improving,4
such,221
suck,2
data,2
temperate,32
stress,4
natural,361
varieties,396
correlate,1
conscious,2
ovaria,1
yielding,6
st,10
inhabiting,34
so,530
definitions,2
wolves,3
salmons,1
se,3
ctenomys,1
beaumont,1
years,76
course,61
incapacity,1
merino,1
tendency,63
limbs,24
milked,1
torn,1
decreases,3
creations,2
suspicion,1
decreased,2
instantly,5
entomologists,2
chromatic,1
records,3
compelled,6
arriving,1
sorted,1
twilight,1
matched,2
revert,9
establishing,1
quarter,11
square,5
growths,1
peaty,1
prisms,4
owing,28
entering,8
beetle,8
neighbourhood,3
cobs,1
navels,1
seriously,7
investigation,4
encyclopaedias,1
million,9
seventh,1
governing,10
quite,117
complicated,5
besides,6
diagram,41
training,5
workmanship,1
undigested,1
ostrich,8
wanderers,3
massive,1
saving,4
strengthened,6
symmetry,2
spoken,7
bluish,3
conscientiously,1
periodical,2
spanish,1
potted,1
open,25
curculio,1
partook,1
occupy,3
indicate,8
brevity,4
siberia,3
bits,1
lingering,1
proving,2
representing,7
pheasants,1
parts,154
future,31
wandering,4
russia,5
prospect,1
ovarium,2
greyhound,8
argument,12
tastes,1
buried,3
emeu,1
sap,2
saw,11
myrmica,2
unsuitable,1
downwards,2
aside,1
note,4
intends,1
take,35
destroy,8
concern,1
butterfly,2
altered,10
opposite,25
knew,2
slurred,1
remarks,31
inserted,1
pages,2
stigmas,3
average,37
link,4
salt,7
laws,64
walking,3
peaches,1
bright,4
imagined,4
slow,53
gourd,1
going,7
uppermost,5
caroline,1
wilfully,1
dispute,7
planed,1
guarded,1
dissimilar,4
infallibly,1
genera,210
infallible,1
submerge,1
clearest,1
keenly,1
parasitic,10
borrow,1
liable,33
where,66
vision,4
dampest,1
silurian,31
us,104
impressions,1
dives,2
purest,1
sites,2
affecting,5
admirably,2
umbel,1
impregnated,1
vertical,3
aberration,2
molluscan,1
dome,1
continuously,10
conversed,1
many,449
thickly,4
deduction,1
s,116
mane,1
flipper,2
rivalled,1
expression,9
allowance,8
compels,1
ants,27
boar,1
geese,10
extinct,102
considers,2
reconcile,1
cetaceans,1
west,9
locally,2
hutton,1
distinguishing,5
practised,2
combined,7
likewise,44
prototype,3
excreting,1
wants,4
enable,2
intercrossed,12
thousand,24
formed,88
intercrosses,5
observe,4
possessor,8
tomes,1
hartung,1
seedling,6
admirable,19
orthospermous,1
endures,1
intimately,3
pubescence,1
confidently,8
endured,7
prevalence,1
bentham,2
canon,7
hermaphrodite,6
compatriots,1
perpetually,3
edged,4
sickness,2
reverts,3
verneuil,1
edges,6
aboriginally,6
conchologists,3
catasetum,1
flocks,3
peculiarities,8
summer,2
manifold,1
being,274
rest,3
potentiality,1
procreating,1
preventing,2
loftier,1
grounded,3
jarred,1
geological,89
plumed,3
instrument,6
overthrow,3
around,9
unerring,1
coelospermous,1
gestures,1
inferiors,1
world,136
breakage,1
vague,5
dare,2
fossils,20
clad,1
caudal,2
superiority,2
inter,5
stationary,6
grouping,4
satisfactory,6
wattle,4
diving,5
thinks,2
tube,2
countenances,1
transmutation,1
refer,7
scientific,2
power,55
intimate,3
reposing,1
dissection,1
ammonites,2
pelicans,1
meal,1
act,52
johnston,1
bond,13
imago,1
commingled,2
sagaret,2
reflexion,1
image,1
legged,1
accumulated,37
telescope,3
her,33
endeavouring,2
betrays,1
aggregated,3
oesophagus,3
futile,1
fertilise,3
secretion,5
hen,6
survives,1
complete,18
secreted,2
mammals,51
secretes,1
survived,3
mice,7
with,973
pull,2
severally,1
agree,7
darker,1
gone,17
ad,1
gratuitous,1
migrate,10
certain,169
am,68
an,501
as,1587
at,680
watched,7
unhesitatingly,2
agriculturalists,1
cream,1
ideally,1
incomprehensibly,1
graduate,9
unparalleled,1
incomprehensible,1
beaks,10
waterhouse,7
gastric,1
neuter,9
tricks,1
impossibility,2
mass,5
parallelism,18
original,24
coots,1
externally,5
consider,22
caused,17
instincts,73
welfare,9
reasoning,4
causes,41
hunting,2
overlying,2
squirrels,5
to,3560
tail,31
integrifolia,1
th,1
furcula,1
returned,4
floated,18
corollary,1
condition,51
accompanying,2
marvellous,5
laying,6
joined,1
mammae,2
sand,4
small,105
mammal,10
sank,4
quicker,5
methodical,9
stags,1
tricolor,1
past,19
displays,1
pass,13
destitute,2
situated,7
richard,1
section,6
prevailed,3
colonists,10
method,2
contrast,5
full,35
escaping,2
transportal,4
hours,14
concluding,6
brutal,1
prior,2
social,7
action,81
followed,17
young,78
pliny,3
viz,1
select,8
attendance,1
hothouses,1
pears,1
gorgeous,1
rhea,1
more,576
door,1
livingstone,1
substances,2
possession,7
tested,3
foundations,1
objections,12
keeping,8
gravel,2
science,2
classificatory,6
evolved,1
learn,3
male,50
pick,4
beautiful,15
prompt,1
memoirs,2
stated,15
dislikes,1
states,37
sense,22
station,4
axis,1
huge,6
respective,2
multitudes,1
hugh,1
enlarge,2
proof,5
creature,7
plant,68
lanky,1
thickened,2
westwood,3
plane,4
waves,9
authentic,2
transposed,1
refuse,2
resemble,31
fundamental,9
passages,3
mexican,2
incessantly,4
trade,1
paper,3
its,403
roots,5
rapidly,11
coarser,1
inquiry,1
travelling,3
tyrants,1
entire,8
respire,1
weeds,2
speculate,3
channels,3
frequented,1
likeness,4
aphides,11
designation,1
corncrakes,1
coping,2
always,90
loosely,1
courses,1
found,126
energetically,1
england,18
catalogues,1
reduce,6
measurement,1
really,17
try,6
psychology,1
missel,1
research,3
occurs,7
belief,31
abnormally,1
imagine,5
rises,4
definition,8
schists,1
reared,5
retained,19
fowls,2
w,7
contingency,4
clump,1
exhibited,2
delicate,2
major,1
number,198
preservation,22
adduce,1
annelids,1
differ,96
fuller,3
introduction,5
moderately,6
calculations,1
umbelliferous,1
justly,7
elaboration,1
relationship,13
proteaceae,1
immediate,4
appreciation,1
fastnesses,1
diffusion,8
determines,2
ranging,16
determined,4
marriage,1
classing,9
organisations,3
guarding,1
self,16
accumulative,3
anomma,1
internal,8
analogy,17
play,24
effecting,4
plan,9
rhombic,7
deviations,11
unequal,11
seize,10
sometimes,116
doubts,7
micropterus,1
barred,8
cultivating,2
barren,9
attacking,1
exterminate,9
blended,9
agassiz,10
degraded,3
overwhelmed,1
occupation,1
sutures,2
condor,2
writer,1
failed,7
niggard,2
dandelion,1
dependent,10
ceasing,1
adheres,2
preparing,1
closely,155
enemy,2
devoured,5
adapts,2
proclaim,2
kill,2
obscure,9
river,4
bulky,3
delicately,2
set,18
creator,7
silla,1
potent,5
sex,17
see,270
migration,56
sea,100
nictitating,1
guinea,1
rejecting,3
monsters,5
europe,78
complemental,1
untouched,2
death,13
diminution,1
vesicles,1
improved,56
influential,1
barely,3
improves,1
retarded,1
whole,140
load,1
volcanic,8
majesty,1
seems,103
acted,17
community,30
except,14
adjoining,18
adaptation,17
contemporaneous,5
indefinite,5
connexion,8
worthless,1
publishing,2
lizards,1
formations,90
extreme,56
firm,3
squirrel,3
fire,1
races,46
representative,21
systematic,16
towns,1
hardness,1
straight,2
expanded,3
empirical,1
admire,6
receive,10
pressed,4
error,8
projecting,1
secluded,1
pound,1
agitation,1
moth,3
owen,18
ducks,2
cuttle,2
beautifully,5
chase,1
choking,1
shorter,7
severest,4
asclepias,1
viewing,2
levels,2
mongrels,22
necessity,5
opinion,9
recent,47
early,65
oddest,1
infertility,3
person,1
regulating,1
trigonia,1
woodward,3
observed,36
bladders,1
readers,1
admission,4
fitting,5
eager,4
resemblances,9
parents,64
surprised,14
australia,33
couple,1
suffering,3
cataclysm,1
abound,1
anthers,10
d,3
spine,1
facets,1
continue,11
yields,1
barrande,9
saltum,7
interbreeding,9
alimentary,1
spring,3
sight,6
curious,25
orchidean,1
measurements,4
novelty,1
buckland,1
behave,1
be,1653
agreement,3
concealed,2
santo,3
tidal,1
relating,2
obscured,7
by,1322
pelargonium,2
anything,8
coexist,2
hatches,1
deserves,5
hatched,12
anterior,9
into,199
plainest,5
selected,22
primarily,1
retrieving,1
specifically,14
custom,1
thirdly,5
milne,4
suit,1
considerably,13
excavating,1
elsewhere,20
inches,2
deductions,1
atlantic,6
interlock,1
atom,2
coldest,2
line,34
stigmatic,3
considerable,29
intestines,2
burrows,1
up,92
horned,3
maturity,6
trifolium,2
mature,15
horner,1
aerial,4
labrador,2
defined,19
mollusca,2
influence,21
diverse,14
nectaries,1
defines,1
paradox,1
sunken,3
tuft,3
fixing,1
edwards,5
competitors,12
occasional,42
sails,1
deviate,1
elements,12
energetic,1
sided,4
faintly,1
sides,32
ago,18
land,106
fighter,1
overtop,2
age,45
holes,1
summit,2
incomplete,1
fresh,45
having,252
partial,1
illustrates,2
scooped,1
results,16
existing,75
illustrated,3
softer,1
inferences,3
seemed,10
turan,1
turkish,1
concerned,9
vetch,1
sent,4
stocked,24
garden,11
continues,3
continued,48
fewer,8
anxious,1
race,25
insists,3
mediterranean,5
progenitors,16
imply,2
enclosed,11
incidentally,1
foals,2
victor,1
apparatus,6
expressed,9
hereditary,7
indian,10
expresses,1
bird,37
publications,1
led,15
eminently,19
leg,14
matthiola,1
cultivators,1
let,58
consideration,12
fifteen,5
deduced,1
great,260
technical,2
involved,4
carices,1
resulting,1
grandchild,1
cylinders,2
makes,11
pleistocene,4
azara,1
sire,1
catskill,1
mariners,1
ninth,1
tools,3
inconveniently,1
standing,13
confidence,6
next,15
eleven,6
assuring,1
doubt,108
capriciously,2
doubling,1
pencil,1
lucida,1
occurred,28
bodily,3
carrying,4
sharply,2
gladly,1
animals,280
retreated,2
this,960
cuvier,6
reproduce,4
thin,11
newts,2
wedge,1
weaker,2
process,79
purposes,15
pieces,4
high,60
ascension,1
bend,1
slip,2
pelvis,5
destroying,2
paley,1
animal,84
mysteries,1
intermigration,1
especial,4
singular,11
gardner,1
pigs,3
preferring,1
protuberances,1
cabbage,7
wrens,2
koulan,1
efficiently,5
macleay,1
element,25
allow,6
counted,2
thigh,1
produces,9
move,1
doubtful,30
produced,141
artichoke,1
perfect,77
decay,3
chosen,8
progeny,12
imperfection,8
degrees,26
communication,2
lacustrine,3
prosper,2
newman,2
dock,1
seawater,1
snake,1
rotation,2
transparent,4
wallowing,1
traced,1
concave,1
sufficiently,18
vibrations,1
truth,31
persia,2
accounts,4
beneath,14
traces,5
glasses,1
doing,3
habitually,15
society,2
frequency,2
thirteen,3
unincubated,1
wander,4
witness,2
fundamentally,3
valve,1
microscope,2
acutest,1
traversed,1
adaptive,10
hybridisation,3
shut,1
thrush,13
perish,7
inferiority,4
surely,6
tied,2
tempt,1
shortest,1
mainland,16
frena,5
could,234
length,42
assumed,12
myriads,1
receding,1
stimulate,1
staggered,1
manuscript,1
blown,11
pines,1
scene,1
dogmatize,1
owner,2
blows,2
scent,1
traveller,1
system,56
travelled,1
behaved,1
vigorous,15
stars,1
unoccupied,6
extraordinarily,12
decided,5
reproduction,15
acclimatisation,6
ingenious,2
false,6
trusting,2
poisons,1
gently,2
gentle,1
affinities,38
horticulturists,3
clearly,43
viewed,5
mountainous,3
studying,2
mechanism,1
lily,3
accuracy,9
leguminosae,3
pebbles,3
asserts,7
fecundation,1
petals,9
carcasses,1
papilionaceous,2
bred,13
stronger,3
curiously,3
face,14
perceiving,1
mechanical,3
opercular,1
fact,135
overrate,2
atmosphere,1
fertilising,3
economise,2
bring,10
manchester,1
rough,5
asylum,1
principal,2
pause,1
planter,1
jaw,7
should,207
terminal,1
planted,6
abyssinia,2
hope,20
meant,15
insight,1
capsules,1
means,93
familiar,3
exchanges,1
h,10
summon,1
hemispheres,4
rein,1
barest,1
intervening,4
withstand,9
temporarily,3
frame,2
correlations,4
cnestis,1
edition,2
natura,7
carboniferous,3
incurable,1
packed,1
migrations,4
membrane,11
ends,6
wingless,4
reappears,4
figured,3
bloodhound,4
supplants,1
etc,53
streams,3
strewed,1
co,5
meridional,1
conclude,29
steadiness,1
hottest,1
waste,1
recurring,5
valuations,1
swarmed,1
spain,4
banish,1
discoveries,4
mirabilis,1
ripe,5
vi,2
diversification,6
retarding,1
excessively,9
juan,1
digging,1
restating,1
drink,1
upon,5
infinite,10
colts,1
identity,5
argue,5
off,26
colour,41
command,1
drawing,3
subgroup,1
reefs,1
less,175
gentlest,1
web,2
generous,1
teleostean,3
combine,1
wet,2
burthened,1
fluctuating,4
lepsius,1
increased,27
government,1
checking,4
pied,2
increases,6
five,22
fantail,15
atrophy,1
incessant,6
descendant,2
onion,1
parasite,5
stagger,1
imprison,1
become,185
indications,1
underwent,2
valvular,1
choosing,1
springs,1
transport,22
literally,3
avoid,6
branchiae,10
does,74
branchial,2
deciding,1
drift,3
ornithologist,2
pressure,4
accompanied,6
imaginary,9
stage,42
gained,5
puts,1
seeds,101
insufficient,3
swimming,5
alliance,2
letters,10
unfavourable,9
lung,3
cultivated,15
austen,1
swimmers,2
mere,44
parentage,3
larvae,26
pairing,1
larval,2
spots,4
scanty,7
much,230
specimens,14
naturally,25
function,17
ganoid,2
proboscis,3
observes,1
convergence,1
valuation,1
entered,3
illustrative,1
count,1
evident,4
deficiency,1
smooth,4
triumphant,2
harvested,1
convince,4
problem,3
profusion,1
bearing,16
horticulturist,2
rightly,2
dissemination,1
effected,37
compared,41
unenclosed,1
variety,81
forests,4
lately,17
compares,2
details,13
quantities,1
behold,4
predominant,1
illusion,1
repeat,3
tides,1
chance,54
throughout,66
exposure,2
mozart,1
apertures,1
rule,54
torrid,2
compete,10
searched,2
gardens,3
saves,1
oldest,8
saved,7
effectually,9
physiological,18
neighbours,1
edward,4
encyclopaedia,1
hearne,1
slowest,2
worth,11
geology,20
exception,11
pneumaticus,1
ceased,3
horn,3
rigorous,3
established,8
deliberate,1
serrated,1
consequent,4
above,40
consisting,1
told,8
simultaneously,22
sinks,1
kindred,2
equals,1
incalculable,1
conglomerate,1
protection,1
obtained,5
study,15
diameter,2
secure,1
marianne,1
discontinuous,1
highly,57
glance,6
total,4
cobites,1
plot,3
indians,1
pistil,13
separated,45
fragmentary,1
valenciennes,1
curvature,2
aware,13
separates,3
continual,1
allies,5
striving,7
word,5
err,2
permits,3
work,63
worm,1
worn,6
theories,1
mammalian,2
indicated,1
cited,1
supervening,5
india,15
indicates,1
indies,1
fanciful,2
indifferent,1
ruminant,1
steenstrup,1
carriers,7
provide,4
verify,1
nuts,1
ordinary,39
beach,1
classifying,3
thoulouse,1
after,76
lay,11
lat,4
law,42
hasty,2
thickens,1
appreciate,2
nascent,1
green,6
fan,1
order,61
hieracium,1
hatching,3
office,2
devote,1
satisfied,3
japan,2
hemp,1
luteum,1
endowments,1
somewhere,3
hybridiser,1
production,30
hybridised,2
then,145
them,191
affected,33
fragment,3
locusts,1
safe,1
bane,1
giraffe,3
reconverted,1
sack,5
they,541
bank,4
rocky,5
reasonably,3
classified,1
alternately,2
l,4
rocks,15
seedlings,17
feeds,1
myanthus,1
petrels,3
excavations,1
hybridising,1
lifted,1
fairly,12
desolated,2
webbed,11
flock,6
dialects,2
hooked,6
forty,7
strangers,1
hooker,24
forth,2
forcible,3
barrier,2
standard,13
admits,5
dashing,1
forcibly,2
muller,2
created,51
appendages,2
dispersal,16
disuse,41
baltic,1
compositous,2
render,4
another,183
drones,2
rats,2
thick,20
illustrate,6
rejects,3
gooseberry,3
approximately,2
rates,1
observations,16
inflate,1
john,2
chthamalinae,1
dogs,33
paltry,1
grandchildren,1
diversified,30
rejected,7
wasted,4
domestica,1
seated,1
historical,3
powers,22
encumbered,1
constellations,1
manner,125
stomach,5
contents,1
forced,8
strength,7
prehensile,2
convenient,3
latter,48
elatior,1
subjects,1
forces,2
transmit,5
explanation,31
circles,1
scutellae,1
exercised,1
ouzel,1
extending,4
germany,1
exercises,1
hesitation,2
grave,11
nostrils,3
vermilion,5
inferred,6
accounted,12
sun,2
notion,4
fitted,30
reserve,2
decidedly,1
brief,5
madeira,20
resemblance,32
just,33
appended,1
elucidated,1
geologist,6
deepest,1
pursuing,1
cocci,1
sporting,2
do,238
loved,1
de,23
preferred,2
yielded,6
watson,10
haunted,1
dr,36
unconsciously,13
runs,1
runt,2
covering,3
trilobites,2
freshwater,2
explanations,1
erroneous,5
observer,9
triumphed,1
rivulet,1
gladness,1
epochs,3
checks,8
depends,28
cattle,37
entailing,4
draws,2
away,33
unable,4
drawn,8
caves,12
slugs,1
we,1155
rudimentary,71
terms,6
excretions,1
handful,1
confessedly,1
prestwich,1
disservice,1
papilla,1
kitchen,2
received,4
climate,85
cow,2
excrement,3
ill,8
germinated,9
hopelessness,2
disappears,4
coo,1
collecting,5
eyesight,1
tone,1
spear,1
royal,1
mutations,3
wider,8
balanus,1
speak,9
slimmest,1
flexible,1
warmth,8
leech,1
families,51
attacked,1
excite,1
millionth,1
applied,11
east,1
reciprocal,15
air,18
information,6
abrupt,5
applies,11
aid,20
voice,5
mistake,2
cylinder,1
beetles,17
sting,4
straits,1
comparative,1
undulatory,1
confirmed,3
descent,84
perform,5
demonstration,1
recurrent,2
grapple,1
descend,3
accumulating,12
monarch,1
crevices,1
independent,29
springing,2
rain,2
hand,90
norwegian,1
greedily,1
gallinaceae,1
indefinitely,6
kept,42
immaterial,2
engrained,1
peacocks,1
humble,15
contact,2
centres,7
the,10142
marsupials,12
quoted,2
tabulating,1
criterions,1
mid,1
farther,1
adding,8
hilly,2
belongs,1
transformed,1
board,2
capt,1
progressed,1
arab,1
injuring,1
cape,14
retreat,2
hairless,1
cooler,3
security,3
bory,1
orchis,2
partridges,1
born,17
productions,103
feloniously,1
flatten,1
inorganic,8
bore,1
archetype,1
purple,2
unavoidable,1
asking,1
honoured,1
denied,1
gooseberries,1
rhombs,5
illustration,9
graduates,5
architectural,3
gordian,1
graduated,14
gartner,32
coral,4
months,5
constituting,1
propagate,4
hocks,1
treble,1
considerations,19
float,1
bound,6
rendering,1
capped,1
balanced,3
palaeozoic,15
deception,1
undiscovered,1
tumblers,8
fuchsia,1
accordingly,2
way,42
wax,39
accords,8
was,161
war,5
lowest,13
tints,1
snowy,1
ourang,1
becoming,15
swimbladder,6
vitality,3
peninsula,3
mysterious,4
astonished,2
true,60
absent,5
reproductive,38
ancestral,5
maximum,6
perpetuity,1
coverings,1
unusually,6
emit,1
waxen,2
digression,1
hotter,2
request,5
abstract,8
tenour,1
evidence,65
subsist,1
mole,2
flap,1
inculcated,2
dimly,6
falsely,8
holding,1
saplings,1
test,6
amblyopsis,1
unwilling,1
artificially,5
scored,2
brothers,3
polity,8
interval,12
dugong,3
governed,8
beds,30
necessitated,1
dance,1
disturbance,1
supplement,2
battle,12
layers,8
certainly,63
zone,9
flash,1
compensate,1
permanently,2
atrophied,4
rhythm,1
devotes,1
brown,4
charles,9
liability,2
falconer,6
ferociously,1
trouble,4
feeble,4
perceived,3
scandinavia,2
presented,3
altering,2
ascertaining,2
p,7
perceives,1
ruminants,6
upper,25
revolution,3
regret,1
climatal,12
regained,1
discover,10
wattles,1
scarcity,1
helpless,1
penetrated,1
appear,54
assistance,3
foregoing,23
uniform,21
illustrations,3
rhododendrons,3
oaks,1
supporting,2
confirmation,2
buzareingues,1
appears,16
change,89
precursor,1
trial,2
usually,9
locomotion,2
inference,2
marked,62
herbaceous,6
sufferers,1
rarely,36
primrose,5
prove,9
territories,4
live,33
wonderfully,7
selects,2
intently,1
entrance,1
analogical,13
clue,2
wafted,3
clumps,3
beaver,1
aulicum,1
cat,7
hardest,3
can,514
metamorphosis,6
breeds,124
heart,1
grassy,1
hears,1
gales,3
heard,3
successively,5
purity,1
anteater,1
neuters,11
clothing,2
occur,53
fortunately,2
discussion,6
sandstone,1
snapdragon,2
amputated,1
beat,5
flank,3
criterion,2
economy,22
product,4
ductile,1
burrowing,3
southern,43
apelles,1
produce,69
enunciating,2
restate,1
flourish,3
remember,20
whenever,8
explicit,1
crept,1
landrail,1
primula,1
serving,6
correlation,28
indeed,31
colt,1
beak,21
displayed,13
aiding,1
ended,1
cold,22
still,110
birds,143
trifle,2
tending,5
rudiment,7
acknowledge,3
reacting,1
curls,1
forms,397
norway,2
emigrants,1
gizzard,1
non,8
nuthatch,1
introduce,1
tails,3
half,13
not,852
now,232
discuss,15
nor,53
susceptibility,1
exportation,1
drop,2
entirely,9
cliffs,7
raises,2
acknowledging,1
grouse,6
hippobosca,1
goose,5
supplant,16
mammalia,2
year,22
happen,7
avoided,2
adduced,3
shown,74
opened,4
space,33
oftenest,14
furthermore,3
increase,66
rational,1
receiving,2
shows,21
insular,2
derived,23
divergence,24
cart,5
intruding,1
advantages,9
obligation,1
marine,33
inevitable,4
care,13
vestige,1
fixed,12
linnean,1
isidore,1
transition,6
vehemently,1
kingdoms,7
support,9
blind,11
benefited,1
striking,38
omitted,2
tailless,1
directly,26
impossible,14
size,64
sheep,26
checked,11
exists,6
caught,2
breed,77
remotely,3
silene,1
friend,1
mostly,6
that,2081
eliminates,1
expanse,1
obstinately,1
flowers,61
than,371
accordance,12
browsed,2
apples,1
fruits,7
proteolepas,4
troublesome,1
remained,13
correction,2
breakfast,1
recover,1
windsor,1
geoffroy,7
begin,2
neatly,1
plainer,4
successive,90
sebright,2
america,99
steady,3
tooth,3
slaves,34
dispersed,2
yard,3
rambling,1
leicester,1
german,2
fifty,3
discovered,28
galeopithecus,3
fifth,7
geography,2
titmouse,1
gnaw,2
ratio,6
proportion,18
only,265
difficulties,37
essence,2
untrodden,1
truly,18
cannot,124
symmetrically,1
manuscripts,1
held,1
seldom,18
ramus,1
effectual,1
melipona,10
burst,1
physically,1
famine,1
namely,92
actively,1
reputed,4
europeans,1
exterminating,1
suspects,1
colours,6
recognisable,2
between,329
justified,2
mammiferous,2
notice,10
transpose,1
interspace,1
fliers,1
melanism,1
staffordshire,2
nile,1
enabling,1
mons,1
comes,26
heron,4
hybrids,120
inexplicable,21
moreover,36
palaeontologists,13
cycling,1
loth,1
cares,2
rebuild,1
informed,7
tropical,16
dangers,1
wounds,1
observers,12
external,33
stems,7
suspected,9
countless,5
nurserymen,4
developing,2
these,496
cultivator,1
lemuridae,1
soil,9
attributed,14
heels,2
commanded,1
petunia,1
hens,1
ship,1
reappearance,5
northward,9
inquire,2
gentlemen,1
epoch,20
followers,1
capybara,1
aphis,4
noble,4
finish,1
centuries,10
closest,9
pouters,3
arctic,38
megatherium,3
fruit,25
attributes,1
alligators,1
passing,4
immeasurably,2
constitutional,10
severe,29
breeze,2
restorations,1
uninjured,2
otherwise,10
barberry,1
charged,5
transmitting,2
generally,199
armour,1
valuable,8
foot,6
civilized,4
wrecks,2
ounces,1
touch,2
renewed,2
legitimately,1
thinking,4
improvement,17
allude,5
treatment,4
dovecot,1
struck,23
swim,6
larva,8
rules,22
specimen,3
usefully,1
briefest,1
tarsi,5
using,1
rear,3
pounds,1
miracle,1
annually,12
monstrosities,7
benefit,9
fully,53
downward,2
twelve,10
densest,1
exposed,36
exposes,2
duration,17
recorded,8
necessitating,1
propagating,2
wheat,5
sixth,6
burthens,1
sixty,2
throw,5
comparison,29
retrievers,1
central,13
gums,2
boldly,1
wolf,11
greatly,46
albinism,2
goethe,2
fusca,7
numerically,2
heated,1
intervention,1
chinks,2
prepare,1
area,64
removing,1
unmodified,3
suppositions,1
start,1
cats,7
low,22
lot,1
assumes,4
philosophers,1
posterior,2
trying,11
feather,2
dromedary,1
embedded,13
tones,1
oxen,3
merest,2
moves,1
elemental,2
thither,1
valid,4
you,3
poor,10
polar,6
mutability,2
pear,6
peas,3
flattened,2
suited,1
tendencies,2
pool,1
ramsay,4
building,8
fleetness,3
doubted,9
tucutucu,1
surrounded,4
skeleton,1
ceases,2
peacock,2
month,1
mutilations,1
kestrel,1
bakewell,3
inflating,1
referring,2
foster,1
homes,20
very,400
coloured,24
vera,3
balancing,2
vestiges,2
decide,3
concurring,1
malpighiaceae,2
deficient,3
propinquity,1
parturition,3
plain,9
locomotive,2
lulls,1
chuckle,1
darkness,3
witnessed,1
bituminous,1
thickness,19
witnesses,1
iran,1
loose,2
modify,17
answers,1
excess,9
kolreuter,11
strong,22
conviction,5
partakes,1
exceptionally,1
asa,5
soldier,1
amount,114
real,17
family,47
requiring,4
methodically,4
put,15
khan,1
takes,10
saxony,1
injure,1
taken,45
injury,4
entails,1
chestnut,2
thrown,11
commences,1
surprisingly,2
commenced,5
broke,1
producing,16
analogous,44
nine,9
geologically,4
propounded,2
history,42
nautilus,1
stinging,1
archipelago,37
climates,20
cows,4
exclude,1
species,1490
firmly,4
ostriches,2
foreseen,1
reject,8
tried,22
rude,4
inconceivably,1
thuret,2
dwarfed,2
germinal,1
consequence,5
tries,5
gardeners,6
invasion,2
horizontal,10
inconceivable,1
compulsory,4
a,2481
read,8
banks,2
egg,11
remnants,2
help,1
soon,32
vaginalis,1
insuperable,9
humboldt,1
lateral,1
labours,1
actually,21
absence,20
systems,17
differed,14
corollas,1
evening,2
food,52
anticipated,9
sweeping,1
occasions,1
intervene,1
infer,31
stopped,2
referred,2
heavy,4
stamen,2
engidae,1
jaws,22
thirteenth,1
deride,1
sketched,1
beyond,9
event,1
crustacean,3
presumptuous,1
unnatural,9
robert,2
since,34
publish,3
safety,1
gardener,1
ass,18
dirt,2
dung,2
reason,71
base,11
ask,6
earliest,9
algae,2
diffused,14
lemur,1
cheering,1
american,36
daisy,1
undergo,8
assign,5
ponies,1
probability,14
ulex,1
antiquity,3
elder,5
dominating,1
horse,42
indigenes,3
wonderful,27
scheme,5
basal,3
jordan,1
authors,36
hundred,17
kindly,2
anticipate,1
grey,1
recovered,2
udders,2
affirmative,1
juice,5
organs,124
lie,8
cave,9
scotland,3
swallowing,1
labour,7
lip,2
useless,17
embryological,6
towards,15
quote,4
eaten,1
diametrically,2
orchidaceous,1
clear,19
clean,2
reversions,7
usual,5
tubes,5
surrey,3
enunciation,1
brachiopod,2
humid,2
bespeaks,1
balancement,1
grafted,16
northern,37
flesh,6
assertion,2
pretty,3
circle,7
dominant,43
trees,47
famous,2
capsule,3
grew,3
competing,3
combinations,1
during,215
interminable,2
exhibiting,2
adhering,3
alteration,2
underlying,4
withdrawal,1
switzerland,7
x,2
poisoned,1
seventeen,2
lifetimes,1
lamarck,2
culture,3
descriptions,1
close,64
polymorphic,9
probable,41
familiarity,4
probably,116
conditions,211
unconscious,10
intending,2
rudiments,9
spray,1
ranked,55
distinguish,6
abruptly,7
both,141
sensitive,6
forgotten,6
secrete,1
headed,3
whatever,24
climbers,1
persecuted,1
horticulture,1
described,14
superinduced,1
stamp,6
damp,6
describes,2
blueness,1
collected,19
territory,7
ganglion,1
lived,35
partly,17
eyton,2
else,6
lives,5
assigning,1
extracted,1
utmost,8
look,73
while,4
match,1
guide,3
loop,2
straggling,1
overlooked,5
geologists,10
ready,7
charlock,1
enlarges,1
grant,6
belong,15
grand,11
modification,161
composition,5
clearness,2
used,36
temporary,3
optic,2
uses,1
haunting,2
neuration,2
justifiable,1
pachyderms,4
hemionus,5
older,25
studies,3
underlies,1
superincumbent,1
obviously,5
wedges,1
weakest,1
distances,9
migratory,1
quarters,12
belgium,1
cocks,2
disseminate,1
decayed,1
possessors,1
exercising,1
remaining,3
march,1
showing,25
albino,1
game,6
wings,36
ponds,3
excluding,5
manifest,5
experimentalists,2
sketch,3
caspian,1
cones,2
largeness,2
creation,43
some,658
pierre,3
experienced,9
troglodytes,1
savage,4
describing,1
exceeding,1
intervened,2
eating,1
lakes,3
operculum,1
step,7
lasts,2
nerves,3
faith,3
reappear,14
tracing,1
silence,1
seeing,12
within,104
unimpaired,2
ensue,2
anagallis,1
conscientious,1
innate,7
placing,2
consultation,1
himself,7
frost,1
properly,7
alive,5
newer,1
hares,4
dull,1
dissolves,1
lowness,1
skull,3
limpid,1
hybridizer,1
accustomed,2
similar,52
ordered,1
adults,2
castrated,3
kidney,3
cotton,2
ancestors,4
objection,5
creeper,1
forerunner,1
application,3
outang,1
department,1
nay,1
wished,3
draw,4
spectators,1
dray,2
pretended,2
regulations,1
graphically,1
ruthlessly,1
structure,214
antecedent,1
independently,33
correlated,21
supervene,1
practically,7
blend,5
required,10
heath,13
depth,11
neighbouring,5
everywhere,17
underrated,1
berries,1
requires,2
perseverance,1
proposition,3
go,28
compact,1
birthplace,6
arid,1
culinary,2
excluded,1
ocelli,5
murderous,1
kitty,1
wave,1
preponderance,1
cellular,2
asparagus,1
positions,2
hive,30
transposing,1
insuperably,1
inspection,1
innately,4
booty,1
picked,5
notwithstanding,9
plays,5
indisputable,2
prepotent,6
colonel,5
cell,26
experiment,13
selecting,11
collins,1
versicolor,1
following,25
convert,3
lyell,27
haunts,1
products,2
hexagon,4
examining,7
inflection,2
foresee,1
danger,6
win,1
sicily,2
unwillingly,1
anomalies,3
horticultural,3
singing,3
germination,6
metaphor,1
remains,39
hydra,1
camera,1
crab,4
historically,1
reflects,1
belgian,2
started,1
becomes,17
charming,1
rivalry,1
huxley,4
parachute,1
frequently,26
crosses,48
hornless,2
lapse,22
aegyptian,1
crossed,77
meet,17
drops,1
averages,1
classifications,7
links,40
escaped,4
pulling,1
sought,2
hesitate,1
tubers,2
located,1
aylesbury,1
instinctively,3
circular,2
fare,1
fostered,1
aborigines,1
falklands,1
spelling,1
feels,1
blyth,5
overmastered,2
inundated,1
facilitated,3
including,21
mentioned,3
subversive,1
strikingly,4
outer,13
exclusion,1
thence,1
masses,9
bosquet,1
hermaphrodites,14
sword,1
hands,3
front,4
masters,16
poole,4
mode,1
crossing,39
legions,1
upward,1
conceiving,1
globe,6
lund,1
constitute,4
measure,4
separating,6
coerulea,1
transitions,7
special,42
archipelagoes,3
ejecting,1
confess,3
ceylon,2
wondrous,1
causa,3
cause,63
watermark,1
withering,1
completely,17
intruder,2
chatham,2
shrew,1
hostile,2
determining,7
duns,5
keep,13
repulsed,1
wading,2
audubon,3
diminishes,3
glories,1
incarnate,2
soldered,3
possessing,1
powerful,6
unsupported,2
agouti,1
fertilised,21
flows,2
stump,1
eminence,1
precisely,4
quality,10
bears,9
revealed,1
adjoins,1
relations,39
attach,3
attack,5
perfectly,58
final,10
beard,1
exactly,26
pictet,8
manipulation,3
overwhelming,1
herself,1
acaceas,1
outline,4
distinguishes,1
beg,1
bed,15
bee,42
distinguished,9
supplanting,3
exhibit,2
recesses,2
unchanged,3
need,14
onites,1
vison,1
tale,1
bastard,1
pursued,2
capense,1
pianoforte,1
able,33
ponticum,1
ably,3
instance,165
mongrel,11
pursues,1
uncivilised,3
disgorge,1
tandon,1
moths,3
connected,42
nuisance,1
denudation,9
radiating,5
astonishing,8
prickly,1
impression,2
unfathomable,1
halting,5
lowlands,13
based,1
rash,6
brighter,2
arabian,1
inherited,79
attained,1
mortality,1
doubting,1
adherent,1
seizing,5
pimpernel,1
joins,1
ascended,1
endless,10
gray,9
processes,3
sowing,2
tobacco,1
experiments,23
she,24
contain,1
embryonic,20
unfrequently,1
spotted,2
multiplying,1
faroe,1
canine,2
immigrant,1
differs,16
usefulness,1
surmised,1
notoriously,3
placed,26
southward,8
tend,66
written,7
carapace,2
correctly,2
tens,1
neither,13
prevailing,2
kidneys,1
nutritious,2
comparable,2
sole,3
importance,98
kicking,1
thrushes,2
key,1
precious,3
distribution,55
limits,9
career,1
minds,3
strains,2
admit,35
lofty,7
colonisation,2
habitual,4
instituting,1
rabbits,4
cohere,2
tegetmeier,2
addition,3
conjoined,1
immense,10
slowly,72
treat,9
shoulders,1
senses,2
diversity,19
spaniel,4
nuptial,1
archiac,1
domestication,37
supervened,5
harder,1
chalk,11
inhabits,3
surface,23
examined,9
conical,1
capture,2
generic,18
began,8
matteuchi,1
appearances,3
abounds,1
nightly,1
colouring,4
cetacea,1
magician,1
single,103
destruction,20
poultry,9
scarcely,18
aralo,1
reflection,1
i,998
obstacles,1
well,152
experimental,1
furriers,1
spherical,7
taller,2
enormously,15
accurate,2
mistaken,2
dose,1
sources,1
mistakes,2
distant,70
laurel,1
skill,4
recapitulated,4
density,1
antarctic,5
deposits,19
extends,5
stratum,8
logger,3
impassable,7
ample,8
disappearance,8
livia,4
phasianus,1
unseen,1
bottoms,3
immediately,13
amply,3
intersection,10
prominent,1
loss,5
necessary,33
lost,42
sizes,7
filiation,1
martin,1
rote,1
page,1
therein,3
belonged,5
phenomena,1
motive,1
warmer,12
home,12
proofs,1
bantam,1
competitor,2
naturalisation,7
broad,6
objected,6
cabbages,1
grinding,2
mutation,4
demonstrated,1
coated,3
reaching,2
journal,1
radicle,1
offset,2
instinct,58
indented,1
embryos,14
freedom,2
compatible,1
puppies,4
tongue,4
reptile,1
previously,7
articulata,4
articulate,3
congregate,1
restatement,1
utility,4
mississippi,3
additional,1
zoologist,1
museum,3
noticed,6
inner,5
coarse,2
prophetic,1
north,59
gait,1
neutral,2
poorness,2
highest,25
eat,5
he,163
cells,47
chthamalus,2
carriage,2
converted,22
limit,7
pippin,1
piece,6
display,6
strengthens,1
universal,25
tissues,1
quinary,1
buckman,1
functions,6
whirlwinds,1
contest,3
onwards,4
stumps,1
finch,1
grallatores,1
blunders,1
scrutinising,2
living,99
tumble,2
stag,2
sphinx,1
portion,8
uneducated,3
determination,1
indirectly,9
aided,12
secondly,8
similarity,17
protest,1
consists,4
intermingle,1
whose,12
aug,2
auk,2
contained,1
presents,1
teaching,1
characterised,5
comparatively,6
undiscoverable,1
weald,6
connects,2
nourished,3
govern,3
affect,16
courageous,2
vast,38
alpine,20
clovers,2
naturalist,26
crops,4
herbert,6
fanciers,7
convenience,7
inutility,2
intercommunication,2
favoured,20
force,10
carnivora,1
palpi,1
orifices,1
likely,21
subordinate,22
even,210
preferences,1
wreck,2
panama,1
umbelliferae,2
new,244
construction,13
ever,70
commingling,1
sulphuratus,1
men,6
hilaire,7
drew,1
met,8
deposition,6
possibility,7
inheritable,3
active,12
patches,1
dry,13
taper,1
rests,1
buckley,1
suitable,1
reckoned,1
subsists,1
disjoined,1
county,1
ninety,1
ungnawed,2
welch,3
tertiary,31
spaniards,1
arms,4
tabulated,2
hutches,1
barnacle,1
call,14
survive,11
type,16
tell,15
calf,4
lungs,5
wary,1
warn,2
warm,4
adult,26
inhabited,29
derivation,1
flora,17
room,1
rights,1
azoic,1
interposition,1
foliage,1
exceptions,14
root,3
give,95
climax,3
honey,10
degenerate,1
advancing,2
masterly,1
cotyledons,2
faults,2
messrs,1
answer,11
blanks,2
undergoing,14
abdomen,3
ova,4
curiosity,1
purchase,1
attempt,11
mastodon,2
third,15
communities,4
descends,1
assuredly,21
owls,1
maintain,4
inhabitant,5
murray,1
helena,1
toads,2
oswald,1
budding,2
before,62
personal,1
better,60
differently,12
subsisted,1
overcome,1
downy,1
islets,5
viola,1
combination,1
weakness,1
downs,3
protean,1
caterpillar,8
aborted,8
one,641
fringed,1
went,1
side,28
bone,2
mean,8
afforded,6
clausen,1
habitation,1
principles,20
skins,1
taught,3
aids,3
dawn,4
collector,1
enclosure,2
restricted,9
adhesion,2
affords,2
reader,11
surprise,19
languish,1
turning,7
linear,1
ascending,3
aboriginal,21
struggle,78
egyptians,1
lineal,6
colymbetes,1
prodigal,2
arrived,15
features,4
grade,5
peculiarity,6
disappearing,4
enumerate,1
immensely,6
hood,2
dissimilarity,9
hawks,5
historian,2
ancylus,1
burgess,1
sprengel,3
congeners,2
villages,1
somewhat,28
requisite,7
peculiar,47
agriculturist,2
begins,2
distance,24
dredge,1
structures,25
enabled,33
matter,10
enables,1
godwin,1
chrysalis,1
sees,1
membranes,1
rattle,1
chickens,4
modern,10
mind,44
mine,3
seed,55
seen,91
seem,54
sounding,1
seek,1
tells,8
expeditions,1
impotent,6
chest,1
hybernated,1
systematists,7
vermiform,2
regular,5
zealand,22
mitigate,1
observation,3
consumed,4
polyandrous,1
m,27
dog,20
digress,1
points,70
principle,80
breathed,2
scotch,5
molluscs,6
unanimously,1
aquatic,18
hunger,1
sows,1
immutability,6
implying,2
attempts,2
sown,7
thirds,1
judges,8
resisting,3
explain,22
folded,4
sugar,1
judged,3
wearing,1
glaciers,3
compounded,6
stop,3
perceive,7
coast,18
earl,1
bat,17
bar,4
fields,3
bay,2
bad,4
inactive,1
architecture,1
abodes,1
fertility,81
ears,1
reference,1
coadaptations,2
testing,1
alterations,1
zones,11
proteus,1
subject,88
brazil,5
said,47
artificial,10
simplest,2
sorts,5
polygamous,1
diluvial,1
profitable,25
wears,1
physiologist,2
ignorance,13
richest,3
carnivorous,9
excavate,5
suggested,4
localisation,1
prudential,1
civilised,6
against,18
ascendancy,1
pertinacious,1
distinction,22
appeared,27
height,14
lowly,3
loaded,1
brassy,1
tint,6
proceeded,9
recur,6
basis,2
three,91
erect,1
blenheim,1
recognised,11
interest,4
basin,2
improbability,3
spurless,1
deeper,4
turned,2
connoisseur,1
personally,1
deepen,1
sikkim,1
dipsacus,1
affirm,1
say,35
near,31
melted,2
suppose,63
balance,6
spawn,2
seven,9
ridicule,1
diaphragm,1
is,1418
it,1054
clinging,2
in,3905
mouse,5
disappear,17
if,415
grown,12
palaeontologist,4
make,64
manufactory,4
vegetable,13
colonies,1
grows,2
entitled,1
percolation,1
differing,10
delight,1
supposing,15
opportunity,2
settled,3
failing,4
inherit,9
materials,9
qualities,10
left,35
alluded,13
sentence,2
physiologists,3
warmest,3
assigned,4
hottentot,1
human,5
facts,157
yet,201
yew,1
infinitely,16
regarded,2
character,136
affinity,33
save,3
roosting,1
escarpments,1
ultimately,18
dreams,1
shoulder,17
saurophagus,1
patience,1
performing,2
manual,3
notorious,9
dean,1
deaf,1
somehow,2
dead,7
paragraphs,1
separately,6
sphegidae,1
dense,1
invertebrata,1
bold,2
huber,15
bolt,1
super,1
denuded,2
septenary,1
flourished,3
conceal,2
ribs,1
barbarians,1
islands,131
nerve,5
thinner,2
formerly,57
intellectual,1
down,27
lies,9
doctrine,17
flying,18
illustrious,3
approximate,1
corporeal,7
victorious,9
lurid,1
fork,2
starve,1
form,106
fore,6
powerfully,1
blindness,2
prevents,3
attached,7
gould,5
stages,30
breathe,3
strengthening,1
covers,3
sticky,2
gland,3
floating,7
magellan,1
graft,1
marking,3
locality,1
agreeing,2
clings,2
holly,2
dies,1
felt,16
calceolaria,2
genealogical,14
journey,1
exported,1
budded,1
diem,2
authorities,7
died,2
jones,1
potato,1
assume,14
daily,3
teeth,16
pellets,3
parcels,1
profits,3
precipices,1
invent,1
skin,14
morphology,6
abundant,7
milk,4
retention,1
anticipation,1
depend,14
deceitful,1
fancies,1
fancier,7
father,6
bordered,1
answered,3
finally,22
reptiles,11
elliptic,1
marks,15
suffered,13
marsupial,3
fancied,1
me,153
pachydermatous,1
innovation,2
geometrical,11
prepotency,2
nectar,16
banished,1
did,27
die,3
luxuriance,2
accidentally,2
armadilloes,1
exaggerated,2
round,24
unexpected,3
oscillation,1
missletoe,3
currant,2
run,19
sacral,1
adds,3
favour,11
suspect,22
filled,7
transportation,3
dwarf,1
stallion,2
availed,1
stem,2
box,2
exemplified,3
cuckoo,14
battling,1
fleetest,1
bos,1
odour,1
spheres,20
women,2
simultaneous,8
ornithorhynchus,4
useful,57
merely,22
flexibility,3
moraine,1
macrauchenia,1
conformably,2
sake,9
visit,6
france,6
conformable,2
lessened,5
ductus,1
malay,8
downing,1
rigid,2
plantations,2
capturing,1
fly,16
soul,1
unimproved,1
entailed,1
growing,27
making,38
arrive,4
thicknesses,1
nearest,21
predict,4
agent,1
fuci,2
disbelieve,1
coincident,1
rays,1
felidae,1
lubbock,2
pine,1
nelumbium,3
chemical,1
till,16
pure,32
map,2
may,508
accessory,2
mankind,2
destructive,2
grow,7
man,103
neck,3
q,2
inhabitants,139
deposit,5
deceive,2
african,3
tall,3
procreation,1
shield,2
gradual,15
pointed,3
wishing,1
intruders,3
stability,1
cuts,2
argued,1
pointer,5
adhesive,1
group,103
interesting,15
undermined,1
yorkshire,2
main,16
sterility,78
truest,1
views,23
sooner,2
captivates,1
markings,2
killed,10
possess,19
hybernating,1
unisexual,2
careless,1
rock,33
eyelid,1
elephants,2
abnormal,11
diversities,1
sifted,1
candolle,15
summary,14
emerges,1
dutch,1
predecessors,3
correct,12
assurance,1
earlier,29
romans,2
advance,2
thins,1
language,8
think,93
frequent,18
first,197
exotic,3
foaled,1
suspended,1
carry,9
sounds,1
chalked,1
little,125
plains,14
moisture,3
speaking,3
eyes,22
continuous,33
accurately,2
undoubtedly,14
cracks,1
protected,9
fertilisation,17
venture,4
were,188
gigantic,10
inferring,1
cuttings,1
intercalated,1
seal,2
entombed,1
wealden,1
spectacle,1
occupied,13
clung,1
hooded,1
efficient,5
aspicarpa,1
answering,1
interior,1
channel,2
roguing,1
skinned,1
pain,1
trace,12
normal,3
argumentum,1
decreasing,5
paid,4
tract,3
pair,14
upland,6
arvensis,1
conspicuous,2
queens,1
especially,52
surprising,18
fills,1
bustard,1
precise,2
columbidae,2
shot,1
show,74
cornea,1
supposition,3
representatives,3
drawings,6
corner,2
orbigny,1
enough,14
black,17
helix,1
enthusiasm,1
plums,2
ranking,4
exaggeration,1
get,23
designated,1
unimportant,14
nearly,130
distinctly,3
secondary,45
bearings,1
yield,15
morning,1
miles,28
nostril,1
characteristic,16
finishing,1
communicated,6
silently,1
seas,13
relative,20
declares,2
eliminating,1
hereford,1
unaltered,9
pebble,1
hippeastrum,4
wonder,6
rigidly,3
cephalopodic,1
ornament,1
behind,2
enumerated,2
mylodon,1
across,21
hymenoptera,2
august,2
parent,138
parental,1
killing,1
catawbiense,1
tuco,2
philosophically,1
according,41
amateurs,1
holders,2
generalisation,1
dislocations,1
maintained,6
grants,1
considering,25
mare,4
unusual,15
capable,18
analogies,3
feeders,2
judging,6
borders,2
precautions,1
cocoons,2
offered,2
those,260
sound,2
predicament,1
civilising,1
residence,2
investigating,1
cock,5
elytra,1
endowed,10
sleeping,1
strain,3
sudden,13
ferns,1
choicest,2
movements,2
different,282
harsh,1
circularly,2
lava,1
baga,1
pad,1
arguments,9
greyhounds,2
deference,1
struggling,2
unperceived,3
oil,3
assist,1
running,5
climbing,3
totally,3
break,3
largely,49
disregards,1
stunted,1
amounts,1
consisted,2
founds,1
flotation,2
aspect,1
futurity,5
beagle,2
pile,4
astonishment,4
pupa,2
extensive,12
elaborately,2
dissected,2
admitting,5
disappointed,1
acquainted,5
serves,4
chamber,1
indisputably,1
miraculous,2
either,107
served,5
voluntarily,3
fulfil,1
ascend,3
calculated,1
specified,7
pasture,1
matching,1
gross,1
confirm,2
extensively,1
expressing,2
moderate,2
knife,2
measuring,1
sensible,4
manufactured,3
each,544
intrude,1
broken,31
visits,5
stations,11
instantaneously,1
island,60
violence,1
meaning,11
practical,4
mounting,1
mixed,5
road,2
lands,10
fertile,54
spreading,12
references,3
strip,2
mark,6
pastures,1
shells,39
coleoptera,1
caterpillars,2
decisive,1
laboriously,1
pretends,1
deepened,3
granules,2
strikes,3
e,13
arranged,6
annihilate,3
strawberry,3
blackbird,1
embed,3
moles,2
palate,1
deliberation,2
deer,4
deep,8
general,97
imagination,8
examine,6
file,2
lifetime,3
deed,1
hound,1
fill,10
tedious,1
again,68
hybrid,38
field,3
prism,2
important,129
glabra,1
marshes,4
revolve,1
conclusive,1
resembled,1
remote,37
recapitulation,5
excretion,3
burrow,2
haired,2
ovary,1
caste,4
represent,20
forget,13
grebes,1
invariable,2
worms,3
founded,10
reevesii,1
invariably,26
expressions,2
allowances,2
children,2
preserves,1
former,53
preserved,41
turnips,1
parcel,2
returning,3
resistance,1
fall,8
subterranean,2
difference,96
plainness,1
norfolk,1
applicable,6
sepals,2
damper,1
bonin,1
preposterous,4
zero,3
further,65
creatures,1
defence,4
stood,2
swamps,2
storks,1
fulgens,2
abraded,1
everlasting,1
habituated,1
movement,5
ranged,4
favourably,1
mule,6
ranges,29
favourable,61
inconsiderable,1
cylindrical,3
search,8
tortoise,1
ichneumon,1
margin,4
stretching,2
disputes,2
published,16
homologous,23
narrow,11
fatten,1
whimsical,1
africa,16
extinction,65
armed,1
readily,21
congener,1
eye,27
uniformity,7
distinct,255
two,344
comparing,9
cultivation,6
characteristics,2
ovules,6
ramond,1
fantails,5
landed,1
varying,42
none,14
toxodon,2
hour,2
middle,6
recall,4
remain,24
del,7
deg,11
compare,26
comorin,1
gravely,1
sphere,3
pomatia,1
minimum,1
numbers,83
sharp,2
esquimaux,1
botanist,2
oenas,1
stripe,13
acts,26
sacred,1
mutable,1
civilisation,2
charms,2
advice,2
phyllodineous,1
blood,15
coming,10
alps,2
reappeared,1
orchard,2
crowded,3
coat,1
dragon,1
mislead,1
skilful,7
pleasure,3
alph,12
playing,1
rounded,3
winged,5
through,100
same,778
existence,69
suffer,12
hundredth,1
arteries,3
late,19
detected,8
pimpernels,1
good,102
seeking,4
males,48
walls,7
sessile,11
compound,2
copious,3
limpet,1
mystery,2
easily,32
habits,112
boisterous,1
inordinately,5
repeating,2
exquisite,2
everyone,1
mental,10
house,4
hare,1
hard,7
idea,14
foxes,4
extended,14
connect,12
tameness,2
allusions,1
flower,63
childish,1
pigeon,58
acting,15
flowed,2
quince,2
catastrophes,2
circumstance,10
cockroach,1
bulls,2
difficulty,100
auks,2
contrivance,8
members,49
backed,1
beginning,1
finches,2
wither,1
torquatus,1
indebted,2
embraces,1
wollaston,10
disregarded,3
instances,43
done,21
embraced,3
shoal,1
twenty,29
swimbladders,1
least,72
thickets,1
assumption,2
pains,5
muscles,3
scantily,1
prodigious,9
believe,216
inconvenient,1
supposes,3
b,9
intermittent,7
recording,1
contrary,6
supposed,64
treated,11
ages,37
orders,41
mountain,31
built,4
depending,1
recondite,2
majority,11
build,8
province,2
eggs,44
salmon,2
depths,6
most,401
charm,1
extremely,74
branching,10
downthrow,1
weigh,2
organism,19
particularly,6
obligations,1
swelling,1
fins,2
scattered,3
disputed,9
perched,2
fine,12
find,100
crinum,2
depended,2
sphex,1
foal,3
cataclysms,1
gills,1
merged,1
racehorse,1
dust,1
permission,1
express,3
ferret,1
courage,3
breast,2
silk,1
pellet,1
transitional,33
remove,3
common,194
excavation,3
verbascum,4
vine,1
tended,4
irregularly,2
lion,3
individual,90
gravest,5
tender,1
enveloped,1
fang,2
visiting,2
please,2
aviary,2
smallest,2
vascular,1
seeded,2
presumption,3
complement,1
premise,2
inimitable,4
reverse,3
solely,18
annual,3
foreign,11
quadruped,4
foretel,1
elliot,1
point,40
simple,33
simply,21
unsuccessful,1
asserted,10
ravaged,1
patiently,1
raise,8
potamogeton,1
vertebrata,8
devouring,3
vertebrate,7
ensured,1
ireland,3
undiminished,1
schiodte,2
understand,74
prices,2
resisted,1
pierce,1
replaces,1
fur,7
grains,5
solid,1
bill,1
cluster,1
replaced,3
rigour,1
denominations,1
century,7
encountered,4
itself,35
italy,1
galapagos,17
ruta,1
relatively,3
development,28
reversion,20
moment,6
purpose,33
intertropical,8
aggregate,3
consulted,1
dark,6
task,2
craven,1
entry,1
spend,1
isolated,29
profoundly,6
shape,27
alternative,2
timber,4
superficial,1
cut,6
cup,1
excites,1
alternate,3
hereditarily,1
source,15
cub,1
valueless,1
big,3
foreigners,2
insect,26
subsidence,22
semi,4
improbable,7
follows,17
bamboo,2
valleys,3
often,198
absolutely,25
obliged,1
magnificent,1
back,14
strongest,3
examples,4
oscillations,13
bizcacha,6
ourselves,6
brent,2
pronounced,1
scale,21
affects,5
decision,1
per,4
metamorphosed,9
connecting,7
eliminate,2
metamorphoses,1
pea,1
scaly,1
thwaites,1
remembered,8
peculiarly,1
continuing,2
fed,5
flanks,3
piles,5
drama,1
beans,3
consequently,60
acquirement,2
harassed,1
invading,1
frames,1
proportional,16
lesson,3
hypothetically,2
pronunciation,1
pared,1
manifested,2
famines,1
forward,4
adjusting,1
exterminated,30
immigration,13
gallus,1
migrating,3
directed,1
rejection,2
planet,2
styria,1
planes,10
prevails,1
sort,10
constant,23
caraccas,1
singly,1
spoonfuls,1
necks,1
akber,1
prevail,7
brethren,2
excused,2
commonest,2
nigra,1
excrete,5
confine,6
brushing,1
explaining,3
accidental,14
prepared,1
lens,2
intensified,1
utterly,33
fishes,17
acuminata,1
desert,3
implies,8
dispassionate,1
cooked,1
ascertained,6
implied,3
presenting,10
inevitably,15
valves,4
commoner,4
intricate,2
amplified,1
naturalised,27
graver,1
helps,1
atlas,1
pleasing,1
presently,6
implicitly,1
putting,1
antipode,1
resown,1
arrange,2
severely,1
diverging,12
knight,2
prototypes,2
mottled,2
rearing,1
grafting,10
crow,1
crop,9
rivers,3
substituting,1
nests,20
contingent,1
giving,17
fat,1
paddle,1
cordillera,5
access,1
exercise,4
body,37
beasts,7
objects,6
sink,2
geometer,1
others,69
safer,1
widening,1
remark,16
respiration,5
chiton,1
composed,3
named,12
truism,1
trachea,1
decrease,10
names,4
limb,2
lime,1
themselves,26
stone,4
train,1
armadillo,2
prizes,1
arranging,2
tearing,1
account,26
f,44
cirripede,3
metaphorically,2
unreal,1
obvious,27
swarms,2
proportions,9
bones,25
native,19
lamb,1
varied,26
holds,7
hampshire,1
regions,42
varies,4
forest,1
stock,26
waters,16
collection,6
domesticating,1
multiplication,5
seashells,1
degradation,14
terrier,2
trifling,25
counterbalanced,2
lines,43
correspond,5
chief,11
ornithologists,2
jussieu,2
furious,1
subsequently,25
six,25
horns,19
agricultural,4
arrangement,19
horny,1
industrious,1
le,1
silkworm,2
la,9
acres,2
marsh,3
bridged,1
latitude,8
infertile,1
tickled,1
greater,87
descendants,101
faunas,14
dam,2
mention,1
cutting,2
day,42
february,1
canidae,2
warned,1
tenanted,3
edentata,4
putridity,1
sexual,47
palaeontological,5
jerusalem,1
suctorial,1
defend,3
wholly,45
grebe,2
marvelled,1
red,15
approached,1
aestivation,1
fourteen,13
approaches,2
backwards,1
cured,1
overweening,1
allied,128
barriers,14
retain,10
facilitate,1
south,71
finest,5
facit,7
fleshed,2
reaches,2
embarrassed,1
improvements,1
reached,5
coleopterous,2
humblest,1
extensor,1
ancient,80
monkey,3
guiana,1
intermediate,154
palaeontology,3
pedigrees,2
bulldog,1
completed,10
acquire,6
negro,2
plumage,9
treatise,4
pointers,2
labourers,1
humped,2
compensation,5
visited,7
mastodons,1
tide,2
unlikely,1
have,1761
apparently,46
continents,31
gravity,1
concerns,4
gliding,3
bohemia,1
savages,10
tapir,3
unless,19
hazel,1
procure,3
eight,14
preliminary,3
dorsal,1
inexorable,1
enthusiastic,1
stranded,2
frederick,1
disease,4
absurd,2
occasion,2
normally,2
selection,383
metamorphism,1
flapper,3
supported,16
germinating,1
definable,1
festooned,1
thicker,3
setter,1
wear,2
knowledge,12
concurred,2
circumpolar,4
prolong,1
digests,1
inferior,10
regularly,9
exceptional,4
lobe,1
stripes,18
bear,29
bean,1
perfection,27
swiftest,1
stigma,14
striped,15
areas,48
crabs,2
densities,1
organ,81
excretes,1
passiflora,1
nutriment,8
teams,1
excreted,6
cycles,2
turkeys,1
accord,6
pedigree,5
attempting,1
pattern,11
hammock,5
progress,10
monarchs,1
reproduced,1
cauliflower,1
mown,1
appreciable,3
antics,1
exclaim,1
instant,4
feebly,2
freely,32
taking,11
equal,33
boulders,7
sexes,28
conquered,4
swallow,3
gnathodon,1
facilities,1
agents,1
basins,13
caverns,3
laugh,2
monstrosity,2
flourishing,4
tremendous,1
muddy,3
primordial,5
seasoned,1
rump,3
anomaly,6
herbage,1
define,6
hyacinth,1
adapting,4
arises,1
perplexed,2
essentially,8
assert,6
finished,6
angles,4
bull,5
bulb,1
fellow,1
arisen,11
divisions,6
defining,2
appearance,36
value,45
pouter,9
advisable,2
planets,2
almost,158
weighed,1
arrangements,1
partner,1
allocating,1
bankiva,1
tumbling,2
tumbler,17
twelfth,1
frivolous,1
injured,1
sisters,4
judgment,12
numbered,3
retard,1
superabundant,1
nevertheless,35
thought,31
exceedingly,1
sets,4
position,13
simile,1
muscle,2
arising,6
latest,3
stores,3
proximity,1
domestic,120
stored,4
surpass,1
balanidae,1
lake,1
add,23
forbes,15
slits,3
propositions,6
ought,40
elapsed,12
sternum,1
heer,1
displaced,1
coypu,1
capacities,1
like,108
success,11
crawled,3
admitted,26
works,22
soft,3
italian,2
classical,3
authority,8
hair,11
corroborate,1
convex,3
proper,35
happens,3
rattlesnake,1
economical,1
assuming,3
chains,3
thinly,1
homopterous,1
slight,118
lessens,1
host,4
although,59
worthy,5
periodically,2
simpler,5
about,38
actual,15
serviceable,5
andes,1
beaked,3
fleshy,3
introduced,11
rendered,37
vegetated,1
obliterated,4
functional,2
guard,1
female,24
signify,1
ridge,7
vegetables,1
spread,31
inasmuch,5
woodpecker,7
but,856
insured,1
repeated,6
bug,1
bud,4
partially,6
compositae,4
connarus,1
glory,1
wish,7
j,4
variations,84
thrice,4
minutes,1
preyed,2
sanguinea,12
pig,1
periods,74
relates,1
paraguay,3
dawson,1
oak,3
detail,10
oat,1
granite,2
moquin,1
draught,1
resembles,5
variation,89
fecundated,1
prevalent,3
accidents,3
augmented,2
limited,12
vermin,2
dynasty,2
catch,7
sleep,1
poorly,1
feeding,12
brackish,2
metamorphic,4
thinness,2
under,221
divergent,14
conjecture,6
risk,1
rise,21
flycatcher,1
vitreous,1
every,123
encounter,3
veris,1
supports,1
conceive,2
loess,1
formica,5
remoteness,1
mandibles,3
enjoy,1
parted,1
faintest,1
feathers,26
direct,39
surrounding,16
persuade,1
estimated,2
intermittence,1
blue,19
hide,2
organisms,24
beaten,12
poison,4
supplies,1
exemplifying,1
berardi,1
entertains,1
philippi,1
hundreds,7
represented,26
shortness,1
property,1
distinctness,2
leaves,19
changed,37
museums,3
changes,72
ventured,1
moreton,1
visible,4
viscera,2
cassini,1
obliteration,2
would,489
membranous,2
lessening,1
conquer,2
asses,1
spike,1
slaughtered,4
musk,1
barbarous,2
deciduous,2
correspondingly,1
excellent,10
must,233
abundance,2
join,2
mm,2
entertained,5
tissue,2
mr,83
appendage,2
my,150
ramifications,1
estate,2
ingenuity,1
diminished,8
preserving,5
pyrgoma,1
times,28
attract,3
lepidosiren,4
end,17
fulmar,1
rhinoceros,3
writers,4
ancestor,11
dialect,2
description,3
mouths,8
heartsease,5
predicated,1
parallel,17
splendid,2
acknowledged,14
summing,2
hypotheses,1
complexity,4
ultimate,1
enter,20
foetal,1
over,103
expects,1
sickly,1
viti,1
london,2
fertilises,2
castes,6
digest,2
borneo,2
exhibits,1
comprehend,2
destroyed,26
diseases,1
prevented,9
roost,1
jacobin,2
plates,7
shadowy,1
filling,2
victory,4
fitness,1
combining,1
clothe,1
large,168
ennobled,1
driving,2
trumpeter,1
god,1
washed,5
laid,8
lain,1
got,4
newly,3
free,15
formation,80
evil,1
calcareous,1
wanted,1
immigrated,2
equine,1
grasses,5
correctness,1
days,27
presumptive,1
hopeless,5
myrmecocystus,1
already,50
researches,4
primary,3
rank,32
philosophical,1
circumferential,3
top,3
perching,1
heights,5
too,25
percentage,1
unbroken,1
tool,1
serve,17
took,7
western,14
pyramidal,5
classed,13
fossilised,1
immigrants,8
genealogies,2
classes,46
honourable,3
bridge,1
donkey,1
fashion,1
ran,1
ibla,1
rat,5
ray,5
laugher,1
thoroughly,8
snow,3
rodents,10
degenerated,1
doomed,1
pelargoniums,1
dermal,2
though,194
glands,3
rufescens,3
plenty,5
constancy,2
treats,2
impels,1
flow,3
possesses,4
regards,2
attested,1
imperceptible,1
swifter,2
alight,3
queen,3
tacitly,2
earth,41
endowment,6
situations,2
spitz,1
continuity,3
bevelled,1
watch,1
fluid,1
botanical,5
countries,46
igneous,1
polecats,1
twice,8
boring,1
ruins,2
swept,5
habit,51
proclaims,1
resist,11
nodules,2
rarity,11
capacity,17
feline,1
continually,21
grandmother,1
mud,7
catalogue,7
bellowing,1
approach,5
discovery,10
rims,1
confusion,3
esculent,2
weak,4
however,82
devour,1
aquarium,2
flowering,11
improve,8
faced,11
protect,2
irregular,5
fault,1
extracts,1
expense,1
frequenting,3
unaccountable,1
comprehension,1
trust,7
truss,1
been,931
quickly,20
submarine,3
bees,65
beet,2
expected,19
incomparably,8
pallas,2
fleeting,2
bladder,2
uncommon,2
craft,1
mongrelized,1
sundered,1
kingfisher,1
osculant,1
lessen,4
kentucky,2
n,4
lesser,48
zoologists,1
thousandth,6
stopping,2
cracked,1
natives,13
preponderant,3
pyramid,4
brewer,1
accumulations,2
experience,14
exterior,3
indigenous,4
containing,2
utilitarian,1
complex,55
preconceived,1
several,304
peaks,2
numerical,2
characters,170
insisted,14
shortly,1
paralysed,1
possessed,13
ocean,22
hearty,1
greatest,17
incapable,10
mother,15
spencer,1
outnumbered,1
leagues,1
rodent,4
grades,11
partridge,2
depart,5
cirripedes,23
scattering,1
functionally,5
tolerably,3
disadvantage,2
gave,1
metaphorical,3
mounds,1
breaks,1
sussex,1
vulture,1
apteryx,1
descending,2
judge,13
burnt,1
advanced,10
apart,2
melting,1
appearing,15
zeal,1
hunt,4
specific,34
overrated,1
arbitrary,5
gifted,1
successfully,5
clubs,1
escape,10
indirect,2
perfected,19
rapidity,1
anciently,5
proceeding,9
rhine,1
ice,5
everything,2
icy,1
subordination,4
corn,1
disappeared,8
coexisted,2
littoral,4
permitted,7
chapter,63
attacks,6
hairiness,1
plum,1
ensure,4
steadily,7
efforts,4
presence,27
obtaining,1
naturalized,1
finely,1
bats,14
existed,65
indispensable,17
class,71
stuck,1
purposely,1
head,34
medium,3
attempted,20
differences,131
removes,1
heat,5
hear,14
satisfactorily,1
removed,13
admiration,2
glottis,1
flavour,1
consequences,1
phosphate,1
southernmost,1
brightly,2
forearm,1
scotia,1
shines,1
check,7
constructed,18
willingly,1
no,320
whereas,32
when,412
intellect,1
falkland,1
eternity,3
picture,6
permitting,1
preceding,9
ovaries,1
propelling,1
discharge,1
flushed,1
thorax,1
vetches,1
longer,21
preys,4
vigorously,3
remarked,57
serious,4
undoubted,3
pistils,6
remarkable,48
particular,29
focus,1
leads,13
roy,1
remarkably,5
displaying,1
row,1
passage,5
abhorrent,1
turbit,2
weakening,1
discovering,5
alternations,1
broadly,1
coot,1
exalted,1
thawed,1
partitions,1
clouds,1
impressive,1
level,28
sedimentary,5
encroach,1
quick,3
accumulation,26
tenths,1
drier,1
says,7
superabundance,2
inland,3
widened,1
invaded,2
dried,8
stands,4
spire,1
agrees,1
goes,7
amounting,1
hairy,1
hairs,2
water,95
entertain,3
groups,173
supplying,1
thirty,7
healthy,4
mauritius,2
stomachs,2
descended,101
vicissitudes,1
emerge,1
inducing,1
modifying,10
islet,2
swallowed,1
vivid,1
flexures,1
confounded,5
sports,2
coadaptation,2
bases,10
prey,33
negroes,2
australian,6
neglected,4
southwards,3
cases,224
fancifully,1
inhabit,15
local,12
modified,153
longitude,2
districts,15
fauna,15
laughter,1
slightest,7
attain,1
stream,4
endowing,1
tinted,1
dropped,4
counting,2
conversely,9
swedish,3
requirements,1
inheritance,59
watching,2
innumerable,26
vital,5
fourth,8
glutinosa,2
paramount,4
floras,6
informs,11
eighth,1
branches,22
succeeded,10
rollin,1
branched,10
glancing,1
imagining,1
exclusive,7
furnished,5
mainly,19
canary,3
inosculation,1
wallace,4
organisation,51
kattywar,4
offers,7
happened,6
hamilton,1
feathered,2
term,24
name,4
corners,2
corolla,6
realise,1
unproductive,1
gape,2
woodpeckers,4
catching,2
zebra,9
begun,6
tausch,1
putrid,1
concur,5
profit,4
abounding,3
clover,8
attended,13
theory,129
state,103
turn,21
butterflies,2
place,57
prehension,1
turf,4
unborn,1
truer,1
origin,38
fetched,2
surviving,9
simplified,2
generative,2
malacca,1
array,1
millions,5
given,135
necessarily,27
district,16
virgin,1
plastic,4
white,19
gives,20
fuegia,1
season,9
economising,1
specify,1
wide,62
unfortunately,1
require,9
r,3
and,4364
mated,2
generality,6
confessed,4
ant,12
any,511
conversion,2
astonishingly,2
ideas,2
resembling,8
urge,2
sure,14
multiple,6
azores,4
indelible,1
falls,3
multiply,4
cleared,3
pencils,1
considered,38
adopt,1
annua,1
dorking,1
inappreciable,5
quantity,8
slope,1
infinitude,2
marshy,1
workshops,1
spaces,12
homology,1
robinia,1
obstinacy,1
wood,4
believing,14
partake,3
cautioned,1
wool,4
silliman,1
lighten,1
expectation,1
portions,4
antler,1
reveal,8
regarding,1
contrivances,7
floods,2
workman,1
naked,4
aerating,1
spaniard,1
discussing,2
reveals,4
surfaces,8
fails,3
farmers,2
ways,7
subsequent,12
review,1
definite,11
weapons,5
outside,2
harmonises,1
arrival,3
multiplied,6
originated,11
comb,19
come,81
isthmus,3
reaction,3
acquiring,1
efficiency,1
region,37
quiet,1
propagation,1
afterwards,10
period,238
satisfaction,2
pole,3
pod,2
skeletons,1
turkey,3
withstanding,1
deposited,22
peaceful,1
hardly,67
direction,11
tachytes,1
andrew,2
tiger,3
mocking,5
eaters,1
dahlia,3
careful,13
spirit,2
acclimatised,2
case,281
specialised,5
myself,14
conjointly,1
twigs,5
cast,1
mound,1
unsatisfactory,1
volition,2
revolutions,1
author,12
granted,3
reminded,1
injurious,24
bermuda,4
agitated,1
physical,47
events,1
mockery,1
nest,41
driver,2
weed,2
driven,6
persons,1
excavated,4
arose,1
statue,1
changing,23
perennial,2
without,68
relief,1
relied,1
inability,1
model,1
bodies,12
justify,1
desolate,1
tip,1
guided,2
actions,7
violent,1
cease,9
mineralogical,2
differentiation,1
guides,1
captured,1
widest,7
rose,2
favouring,3
rosa,1
interested,1
hind,4
kingdom,3
kills,1
porto,3
kirby,1
crustaceans,14
inordinate,1
confines,9
confined,34
accepted,2
hereafter,27
codlin,1
particle,2
exquisitely,2
reduces,1
incarnatum,1
reduced,16
evergreen,2
pacific,11
deduce,1
table,4
oftener,5
provided,4
prolific,1
severer,2
colchicus,1
polyerges,1
freed,1
metropolis,2
uniformly,3
nails,3
inspect,1
terrified,1
immigrate,2
affording,1
on,1244
demarcation,2
concurrent,1
of,7270
discussed,20
mutually,2
whence,10
stand,17
ox,2
or,1178
racehorses,2
tribe,1
cambridge,2
instruments,1
breakwater,1
spinal,3
rising,11
cent,1
determine,21
countenancing,1
speculated,2
lastly,14
buds,5
whales,5
strictly,44
there,297
disposed,1
strict,6
valley,3
fish,41
relic,1
regard,47
amongst,33
quadrupeds,9
applying,1
summits,10
extermination,16
pinnate,1
grasp,2
grass,8
strongly,35
lingula,3
britain,22
diverged,11
together,128
corresponding,36
incorrect,2
heather,1
deserve,5
malconformation,1
deviation,13
briefly,16
oneself,1
separate,25
includes,9
courtly,1
recognise,5
included,14
inroads,2
stocks,20
backward,1
calls,1
belts,3
misseltoe,2
migrated,19
all,552
chinese,2
fuego,7
follow,27
subjected,8
subsided,1
opportunities,1
painter,1
subsides,1
immutable,5
belonging,43
devonian,1
song,3
far,193
induce,1
worst,1
ribston,1
ticket,1
treating,2
list,9
prolonged,2
grandfather,2
singularly,1
babington,1
employing,1
dianthus,2
ten,14
rate,44
invention,2
design,1
upheaved,5
what,148
imported,5
sub,71
advantageous,15
deeply,7
sum,6
crust,7
eminent,11
fathoms,2
intersect,3
multitude,19
womb,6
asiatic,2
condensed,2
toes,10
toed,1
berkeley,1
directions,4
observing,1
uninhabited,1
extraordinary,21
allows,3
extremes,2
elongated,6
sticking,1
disposition,4
devoted,2
suddenly,26
vertebrae,9
aberrant,8
faint,2
infinitesimally,1
horses,20
flat,12
knows,10
immersion,6
pairs,3
known,91
presumed,1
phascolomys,2
lobelia,6
v,1
martens,1
pony,2
division,10
joints,1
protects,1
imitation,1
anglesea,2
arise,7
pond,8
cultivate,1
offspring,87
terrestrial,34
influenced,2
court,1
advantage,67
rather,24
breaking,3
magpie,1
occasionally,46
influences,5
explains,10
mould,2
simplicity,2
ubiquitous,1
rogues,1
reflect,9
indomitable,2
pupae,13
proclaimed,1
profited,4
short,56
chiefly,24
archipelagos,1
porpoise,4
groundless,1
footed,1
shore,3
barbs,2
shade,1
developed,62
closeness,1
inquiries,1
style,2
glide,3
susceptible,5
harmless,1
strange,30
mustela,1
might,175
alter,5
return,11
sucking,1
alighting,1
hunter,1
framework,2
accumulate,6
plantigrades,1
frigate,5
intricacy,1
multiform,1
mastered,2
stroked,1
inherent,3
difficult,38
characterized,1
weight,16
generation,40
colder,4
expect,31
loops,1
organised,4
reverent,1
induces,3
adhere,1
disbelieves,1
reverend,1
health,4
hill,5
paradise,1
celebes,1
induced,2
sorbus,1
illustrating,3
unexplained,3
effect,31
heads,6
colonised,3
bushes,4
helosciadium,1
prejudice,1
pratense,2
fallen,1
throws,3
feed,12
limestone,1
fourthly,3
feel,25
relate,3
fancy,2
linking,8
feet,56
enlarged,7
construct,1
blank,11
slower,5
hollows,1
strickland,1
story,2
temperature,5
leading,15
coasts,4
swarm,2
passed,12
store,4
imperfect,30
statement,11
argillaceous,1
optical,3
convinced,27
king,1
kind,51
double,15
unmistakeable,5
stalk,2
shrike,1
dana,3
respires,1
strengthen,1
gale,2
alike,17
gall,1
hexagonal,11
sagaciously,1
hopelessly,1
segments,3
finding,3
hominem,1
bantams,1
added,10
electric,6
reckon,1
measures,1
reach,11
adder,1
enduring,5
explicable,6
nothing,36
seasons,12
revolutum,1
measured,8
constitution,26
equatorial,5
mineral,1
numberless,3
flava,5
dissolved,3
part,155
lying,3
stones,6
deserts,6
securing,1
camel,4
betray,1
shepherd,3
his,90
hit,1
gains,3
invoke,1
longest,4
instinctive,12
him,17
insensibly,12
investigate,2
activity,2
vincent,1
wrote,2
bars,11
art,3
collateral,4
barb,5
bare,3
are,1133
bark,3
arm,3
declined,1
distinctive,2
surmounted,1
drooping,2
various,58
consecutive,18
jackals,1
atolls,1
numerous,59
recently,15
attention,16
succeed,22
opposition,4
rarer,15
competent,10
c,33
roman,1
became,16
finds,4
arbitrarily,4
sloth,1
flies,6
reasons,12
sweet,5
whelp,2
sweep,3
regulated,1
goats,3
startling,1
complication,1
java,3
dun,7
scented,1
overlook,2
due,57
dug,2
whom,8
reduction,5
homologise,1
flight,25
latterly,1
precision,1
vaguely,1
demand,1
plants,297
conception,3
workmen,3
frozen,2
expressly,3
fernandez,1
shortened,2
serratures,1
rim,3
quail,1
distinguishable,2
currents,12
peopled,5
lengthy,1
authenticated,3
meridians,1
longmynd,1
lengths,5
widely,109
daughters,2
higher,36
carunculated,1
restraint,1
cement,3
flown,2
moving,2
sagacious,1
birch,1
lower,24
equalled,1
dezertas,1
edge,4
machinery,1
dares,1
stating,1
pollen,82
endeavour,1
knot,2
pigeons,46
hinny,2
intervals,57
questions,4
continent,58
tamed,2
tables,6
also,100
workers,27
exclusively,16
corroborates,1
jostle,1
tamer,1
constitutions,10
heaths,1
manatee,1
entangled,2
modifications,55
shaped,3
incidental,11
insensible,5
fossorial,1
ignore,2
collect,7
breeder,8
essential,9
understood,3
litter,1
loftiest,2
sized,3
gradually,12
tends,17
hosts,1
fragments,5
lose,1
perpendicular,1
upraised,9
intense,1
cautious,10
mingled,8
plantaginea,1
range,63
hatred,3
fluttering,1
naturalists,72
credible,1
deafness,1
persevering,1
drifted,4
variously,1
canal,1
impressed,7
smoothly,1
question,19
long,243
impresses,2
conceivable,8
sections,8
mountains,35
perplexing,5
understands,1
repeatedly,3
upright,1
temminck,1
raising,3
penguin,1
gallinaceous,2
consist,1
apricot,1
fries,2
fluctuations,2
z,5
called,70
associated,6
cover,1
malthus,2
associates,4
nectary,2
peach,1
endurance,5
grouped,5
shallower,1
mock,1
donkeys,1
generated,4
allowing,3
pottery,1
suffers,1
wildness,3
departments,1
weights,1
ternary,1
harcourt,1
once,54
hooks,4
furze,1
lowland,2
winds,1
disposal,1
languages,8
include,10
snipes,1
inflammation,2
breathing,5
seized,10
talons,1
earless,1
wishes,2
bounding,1
paternity,1
notes,2
manifestly,4
relation,54
snails,1
noted,2
concluded,4
smaller,24
folds,2
gmelin,1
carefully,19
concludes,1
protrude,1
makers,2
hourly,1
disentangle,1
capital,2
chose,1
degree,190
flavoured,1
kangaroo,3
desired,6
separation,5
settling,1
detritus,1
larger,57
shades,1
leaving,8
imperfectly,7
submerged,4
apple,4
scales,1
egypt,3
distributed,5
apt,13
hardy,1
duck,16
doubtfully,2
apply,14
use,59
from,1118
figure,1
consumption,1
frog,2
few,165
examination,4
attribute,23
eagles,1
circuitous,6
unequally,5
columba,2
inclined,16
rarest,1
stipules,1
antennae,9
sore,1
rabbit,5
incline,2
paralleled,1
dusted,2
anywhere,3
buoyancy,2
performed,13
calculation,1
tax,1
something,27
serial,2
rape,1
commonness,1
sir,19
galls,1
united,42
sit,3
intelligible,11
nearness,1
struggles,2
fortunate,2
unites,2
instead,17
struggled,4
memoir,5
maternal,4
attend,1
immersed,1
hazard,2
nestlings,1
purely,2
light,28
disproportionably,1
interrupted,7
dispositions,1
honestly,2
crawling,1
ovipositor,1
elie,1
tropics,4
equally,23
whilst,26
mathematicians,2
looks,2
tyrant,1
superior,4
longitudinal,1
thouin,1
permanent,15
choose,3
covered,15
edging,1
fructification,1
richness,2
practice,7
youatt,4
flew,2
impressing,2
satellites,2
impaired,1
viscid,2
worlds,14
speaks,5
profound,8
transmitted,20
cocoon,4
erratic,3
florets,6
deviated,1
related,79
doubled,1
our,278
out,71
category,1
respects,21
acknowledgment,1
sentiment,1
sufficed,3
chaos,2
overtopping,1
performs,1
suffices,3
dive,1
zoological,2
anyhow,2
organic,135
g,1
latitudes,5
hence,99
embryo,42
obscurity,1
plainly,43
connaraceae,1
hitherto,6
eleventh,1
endemic,21
primordially,1
marvelling,1
unknown,55
their,700
embryology,11
misunderstood,1
shell,12
reversed,7
shallow,12
quagga,4
reflecting,5
diminish,1
july,2
commence,3
liquid,1
isolation,10
limiting,1
dyticus,1
sculpture,3
tracts,7
hybridism,4
fowl,3
westward,2
ramifying,1
linked,10
angle,4
agency,19
supplanted,15
cryptocerus,1
which,1229
batrachians,6
vegetation,9
progressively,1
combat,3
centre,3
who,75
digestive,1
alarmed,1
why,120
deny,3
flappers,1
ensues,1
looked,10
parus,1
typical,1
ensued,2
gain,15
cosmogonists,1
intercross,5
chances,2
sceptical,1
pleases,1
chapters,11
plumule,1
seaweed,1
superimposed,2
utter,9
fear,7
pleased,3
chanced,5
nearer,8
ear,2
combs,5
brushwood,1
distincter,1
studded,2
thousands,17
monuments,2
ones,8
tierra,7
words,8
penetrate,1
spur,1
brain,1
insectivorous,6
quaternary,1
ascertain,4
sediment,30
generations,84
view,168
knowing,7
natatory,1
acquired,39
admonition,1
distantly,2
merits,1
luminous,1
malconformations,1
closer,5
monstrous,10
diverge,3
exerts,1
closed,2
crude,2
variability,76
ability,1
opening,1
agencies,5
hypothesis,7
swift,1
longiflora,2
epidemics,3
greensand,1
bronn,2
grain,2
retrograde,2
safely,21
grounds,1
wall,15
respect,44
withdrawn,1
provinces,6
ichneumonidae,2
sufficient,25
dearth,3
last,42
repetition,4
present,143
interstices,1
unlike,8
fearful,1
cervulus,1
will,736
hovering,1
wild,47
medicinal,1
correspondence,3
layer,11
quarrelsome,1
apprehend,3
thus,273
dicotyledonous,1
disinterred,1
perhaps,76
domesticated,18
cross,50
unite,17
member,8
unity,8
geographical,42
largest,4
inch,3
grandeur,1
hammering,1
succulent,1
raisers,1
slave,15
conceived,1
beast,1
whale,8
laborious,1
appropriated,1
rengger,1
fighting,3
english,14
firstly,7
sedgwick,2
cephalopods,1
heavily,1
identically,10
obtain,6
monochanthus,1
fishing,1
pedunculated,4
rapid,13
console,1
supply,13
smith,9
goodwood,1
adoption,1
attractive,6
intersected,2
identical,19
sick,1
hybridisers,1
overmaster,1
know,75
presume,11
press,1
coincidence,2
inheriting,2
feral,6
safest,2
loses,3
cowslip,5
hollyhock,1
herons,1
exceed,2
because,35
clusters,1
sequence,2
ovigerous,4
promontory,1
growth,50
intercrossing,22
teazle,1
leaf,3
lead,16
leap,2
glacial,50
obey,1
dangling,1
gradations,37
rare,34
carried,20
extension,4
getting,6
universe,1
eciton,1
dependence,2
urged,13
dependency,1
carrier,10
places,48
urges,1
converging,2
own,100
polished,1
owe,6
brambles,1
weather,2
brush,3
maize,5
linnaeus,4
van,1
incipient,19
spiral,3
continental,8
uniting,3
breeding,20
cliff,6
fewness,1
volume,14
pestilence,1
convalescence,1
made,71
florists,1
instructive,1
whether,102
record,49
below,6
gaps,2
inadequate,2
phosphatic,1
gnawing,1
intentionally,1
trailing,1
quails,1
mutual,23
systematist,2
incredible,6
other,746
branch,13
puffinuria,1
conclusion,24
kinds,45
nourishment,5
june,2
clift,1
coccus,1
upwards,4
readiest,1
ranks,4
peloria,1
commencement,19
volumes,1
richardson,2
pods,2
